A42-18_Preservation_Area_of_Historic_Landscape,QmQhqKMhk2CozsYqCvRKb2yTp3Hwh58EWpKuLqN62MniWZ
A42-18_Spacial_Preservation_Area_of_Historic_Landscape,QmVEGon95r8b73h2vv69Y3oNFqsqbVDtyQfppDxqfRa1SK
G08-15_01,QmdyCZ4QMrdpDsXFRih1SzVeVEcMxVHGzUkC5RPoobCNNc
G08-15_02,QmX4ohpDWCCqKrAoyBrkiA7LEG43HQUYpJKGQWaFEThDy2
G08-15_03,QmSMSspmaEFDuQdrnJ6ESNAgjdRz97TvA2gXnbBGXQN5sL
G08-15_04,QmPhmKMkJAEqeExL8DKN6RwUMRHVFPgtnYeRxrMERvgybt
G08-15_05,QmQg63sgHT2vH1iEycAThTH5qBEar2T5mnXvUmuV1egxer
G08-15_06,QmYf5D4KdQkmELtoSnjpaWC7xxmvHJsYyUGeWotdY19sjC
G08-15_07,QmNWDdRQfsYvB8eLHSygz7Z9p9WWFcpnMbeX7hNXeHEL9a
G08-15_08,QmRd8m32EbPrZwoTaQypQjmYujRRsU46Sz6LbxdPeMkx3Y
G08-15_09,QmY3C2pf2Q3QjS9vSWGbUmWJYKQDoxk5nzXY6GAtx2q65v
G08-15_10,QmVyRppVc54JiyZy929UKGvRBV5DA62YKMWNYYtcSasguW
G08-15_11,QmakYpwfnhNs68rjK2zorkzLGD71eaMrjmSHC7nXafev8W
G08-15_12,QmUhKYfntLhHjW2MEo2G4aQV8chRXXeuMphDHWnGUCaXZN
G08-15_13,QmY6Cv1uPZwc3xiXAkgrq97YFj8uDj8qNWNNboVcbxqFr8
G08-15_14,QmP5JCfrArVrCm8M1NVXy7aX7dVNWtvyET3aNWg7SnszSU
G08-15_15,QmRbtqKjGbnsee7LExGrSARRF2VpX6Fm8yPYE2LinD8mny
G08-15_16,QmRAnfJVuckqXDV2EnaUgJiCfruJqtCYQUkRzRWYN6NnCY
G08-15_17,QmSPvemfb2APBszvJonXNcgEDXtRAojefNNy5S44E8CgkY
G08-15_18,Qmaoth8WvZffPvnCbwAqsqsaGrDoDCQ4rE16asYXdztppp
G08-15_19,QmcSH5pvjCeH1LGiFAZha7aZdpAxjEAy77TCK2h3XY6BAr
G08-15_20,QmPP8Ce7KFC2QC3UsWMC8BB7sFwJmp4GJxYSjKqx1qNLHP
G08-15_21,QmVg1NRxhykR71yXCg6Fn9ZU1VutzsYMGE1cXeDadEVKsx
G08-15_22,QmU4zEFfcEAgrHQDUJ7YtRpj7ssbcrb2tkVEE3mbQYKot4
G08-15_23,Qme61Y2hYGELB9tJoqHDxdnA6rLKaQQkKiyspztSLwFobi
G08-15_24,QmUKDQbgt6Dp5Hhx3x2Cz7puwYQFUoXDbCyTAbNKKRPy8D
G08-15_25,QmdFv6TKbfxdxpY7yVDwUoiMn3mKRDmT2a4ZChtimuLSE9
G08-15_26,QmdGDU6s4Kaqe2C9CxReXzVeAr3j793Vm8BKBxFe6XHxdS
G08-15_27,Qmdvhy5pBrFNNwoFrLC5BWvkQyUD2UiTH16hMop8cLg4sN
G08-15_28,Qmbwa6EneSnKQXvhNx4GcBbcB9SCFLi4vUFKYSSMqfkx7T
G08-15_29,QmQmWJDsJSp7avDiDLWkvj4cuMxbm7znd19X68dV9pCr2K
G08-15_30,Qmd5X8sD1qM6EiLC8WECs8rdFeN96yGdXd5jAqateBmGVH
G08-15_31,QmWh12kSuC64Vu62LNWQvrBhoyupmDyc5idhxU1FReJqUz
G08-15_32,QmTtZ2BCzo1JjNr4JNeW4odH1zjLqhCmZGQE5h2yBm1V74
G08-15_33,QmcDE4UTF843onc5svuAHKebXonmv1mbdSkdtSQPjm1UTP
G08-15_34,Qmcaf5xxXVGooJYmCZVTFeywaPpCyfBnR2qAqPpWRjUodr
G08-15_35,QmbPwYUPJJXjmaLjSUgTo2ahFYsYCFcgtvqnrLbZNRbsJx
G08-15_36,QmT9ZksirZoQnMWzGghpsUph4LkAWnwcftvX3KBWHsXjMT
G08-15_37,QmasiwrYvQVGM6r4fGFNaWdAgbkB33YN48Gfa6jrT89nrV
G08-15_38,QmXtmkXsiDgr2y1H2zDjmEUBYZCzh46zbXL19XcyvZBkRz
G08-15_39,QmcehavDdPZRBmrZWysAGsFJjc1gKBtS4LbXzWVy8ZPzWX
G08-15_40,QmTfk9BMxLqFfZfpYk6oU8ETobAAyaDthkwE5s4Up67F6x
G08-15_41,QmQ9XC4hW4V32oDgVvSCrppVBgnG278JSmjXjHiC62b3nc
G08-15_42,QmQ79hZ6zod5SNCbgcDS2LRY4UfaATZiAtjxMcKvqcVgkp
G08-15_43,QmXBuJWBxsrXUM4CBtjyyGHmU5AKST8asQCeaJeNNxaaSY
G08-15_44,QmWXSrNv9Ho2NoCEXfxNHJeFm7Fa3JQeHA6Gr329g8rm1m
G08-15_45,QmYneBKKZE3Cahj3W2eJmrGzxknAcPjH81QBPaaFNrbbyh
G08-15_46,QmVUUvWmd2vkBTsv9oNnbPF5FLM198aEgKEyfZGLztkA3y
G08-15_47,QmfBYesMyj6t6CBowbuHMgr6Hz8nVHyLtYxDdVEPL7UY2Z
P29-21,QmR3oydQYmVaApZ9t75DJwGJxFAojm9TLXoAudAsgjusEo
